Name,Price,review,image link
Men's Regular Fit Casual Shirt,399,4.2 out of 5 stars.,https://m.media-amazon.com/images/I/81gPRe4oGiL._AC_UL320_.jpg
Men Cotton Solid Full Sleeve Casual Shirt (Available in Plus Size),549,3.9 out of 5 stars.,https://m.media-amazon.com/images/I/71nG3R1OPeL._AC_UL320_.jpg
Men's Casual Shirt,599,4.1 out of 5 stars.,https://m.media-amazon.com/images/I/71ad8PSy5kL._AC_UL320_.jpg
Men's Regular Fit Casual Shirt,749,3.9 out of 5 stars,https://m.media-amazon.com/images/I/81-JAkrN1sL._AC_UL320_.jpg
Men's Regular Fit Solid Soft Touch Cotton Casual Shirt with Pocket Design with Spread Collar & Full Sleeves,495,3.8 out of 5 stars,https://m.media-amazon.com/images/I/51Js-8owaUL._AC_UL320_.jpg
Casual Shirt for Men|| Shirt for Men|| Men Stylish Shirt (D-Crush-16-23),379,3.9 out of 5 stars,https://m.media-amazon.com/images/I/81dszCJ0etL._AC_UL320_.jpg
Men Solid Regular Fit Casual Shirt (Pack of 1),479,3.8 out of 5 stars,https://m.media-amazon.com/images/I/71QrkXBPABL._AC_UL320_.jpg
Mens Long Sleeve Button Down Shirt for Men Collared Casual Formal Soild Shirt,349,3.9 out of 5 stars,https://m.media-amazon.com/images/I/31hcA0ci6BL._AC_UL320_.jpg
Adjustable Elastic Garter Stirrup Shirt Stays for Men (with Foot Loop) - Adjustable Elastic Shirt Stay Garter Mens Shirt Stays Military Adjustable Elastic Garter Straps Sock Non-slip Clamps,388,4.3 out of 5 stars,https://m.media-amazon.com/images/I/51MsCvoFjhL._AC_UL320_.jpg
Men Regular Fit Casual Shirt,479,4.0 out of 5 stars,https://m.media-amazon.com/images/I/51MsCvoFjhL._AC_UL320_.jpg
Men's Regular Fit Checks Cotton Casual Shirt for Men Full Sleeves - Suzuki,494,5.0 out of 5 stars,https://m.media-amazon.com/images/I/71ROidI7t8L._AC_UL320_.jpg
Men's Classic Fit Cotton Casual Super Striped Shirt for Men Full Sleeves - Yahama,494,3.8 out of 5 stars,https://m.media-amazon.com/images/I/71xZY5-a1oL._AC_UL320_.jpg
Textured Shirts for Men || Casual Shirt for Men || Shirt for Men|| Men Stylish Shirt || Men Fancy Shirt || Men Full Sleeve Shirt || Plain Shirts for Men,439,3.7 out of 5 stars,https://m.media-amazon.com/images/I/61OlEGElG1L._AC_UL320_.jpg
Men's Western Fit Cotton Casual Bold Striped Shirt for Men Full Sleeves - Spelnder,494,3.4 out of 5 stars,https://m.media-amazon.com/images/I/715Gcc34mvL._AC_UL320_.jpg
Textured Shirts for Men || Casual Shirt for Men || Shirt for Men|| Men Stylish Shirt || Men Fancy Shirt || Men Half Sleeve Shirt || Plain Shirts for Men,409,3.7 out of 5 stars,https://m.media-amazon.com/images/I/81Pjw+BUtxL._AC_UL320_.jpg
Men's Regular Fit Shirt,566,4.0 out of 5 stars,https://m.media-amazon.com/images/I/714ZhKeE-lL._AC_UL320_.jpg
Casual Shirt for Men|| Shirt for Men|| Men Stylish Shirt (Rib-Shirt),479,3.9 out of 5 stars,https://m.media-amazon.com/images/I/61M9egILVcL._AC_UL320_.jpg
Men's Checkered Slim Fit Cotton Casual Shirt,599,3.5 out of 5 stars,https://m.media-amazon.com/images/I/71gxzNP0V3L._AC_UL320_.jpg
Men's Cotton Solid Formal/Semi Formal Shirt,378,3.6 out of 5 stars,https://m.media-amazon.com/images/I/61DGAlvxRLL._AC_UL320_.jpg
Men's Cotton Casual Regular Fit Green Checks Shirt for Men Full Sleeves - Harley,494,4.3 out of 5 stars,https://m.media-amazon.com/images/I/51inUyV2tdL._AC_UL320_.jpg
Casual Shirt for Men|| Shirt for Men|| Men Stylish Shirt || Men Printed Shirt (Mistry),349,3.8 out of 5 stars,https://m.media-amazon.com/images/I/618LbDYIVRL._AC_UL320_.jpg
Men's Regular Fit Casual Shirt,399,4.2 out of 5 stars.,https://m.media-amazon.com/images/I/81gPRe4oGiL._AC_UL320_.jpg
Men's Regular Fit Casual Shirt,549,3.9 out of 5 stars.,https://m.media-amazon.com/images/I/71blXygpkyL._AC_UL320_.jpg
Men Cotton Solid Full Sleeve Casual Shirt (Available in Plus Size),549,4.1 out of 5 stars.,https://m.media-amazon.com/images/I/71nG3R1OPeL._AC_UL320_.jpg
Men's Casual Shirt,599,3.9 out of 5 stars,https://m.media-amazon.com/images/I/71ad8PSy5kL._AC_UL320_.jpg
Casual Shirt for Men|| Shirt for Men|| Men Stylish Shirt (D-Crush-16-23),379,3.7 out of 5 stars,https://m.media-amazon.com/images/I/81dszCJ0etL._AC_UL320_.jpg
Men's Regular Fit Solid Soft Touch Cotton Casual Shirt with Pocket Design with Spread Collar & Full Sleeves,495,3.8 out of 5 stars,https://m.media-amazon.com/images/I/51Js-8owaUL._AC_UL320_.jpg
Men Solid Regular Fit Casual Shirt (Pack of 1),479,3.9 out of 5 stars,https://m.media-amazon.com/images/I/71QrkXBPABL._AC_UL320_.jpg
Mens Long Sleeve Button Down Shirt for Men Collared Casual Formal Soild Shirt,349,4.3 out of 5 stars,https://m.media-amazon.com/images/I/31hcA0ci6BL._AC_UL320_.jpg
Men 100% Cotton Polo Tshirt,599,3.9 out of 5 stars,https://m.media-amazon.com/images/I/61IGz4pCdYL._AC_UL320_.jpg
Men Regular Fit Casual Shirt,479,4.0 out of 5 stars,https://m.media-amazon.com/images/I/61IGz4pCdYL._AC_UL320_.jpg
Men's Regular Fit Checks Cotton Casual Shirt for Men Full Sleeves - Suzuki,494,5.0 out of 5 stars,https://m.media-amazon.com/images/I/71ROidI7t8L._AC_UL320_.jpg
Textured Shirts for Men || Casual Shirt for Men || Shirt for Men|| Men Stylish Shirt || Men Fancy Shirt || Men Full Sleeve Shirt || Plain Shirts for Men,439,4.1 out of 5 stars,https://m.media-amazon.com/images/I/71xZY5-a1oL._AC_UL320_.jpg
Men's Western Fit Cotton Casual Bold Striped Shirt for Men Full Sleeves - Spelnder,494,3.7 out of 5 stars,https://m.media-amazon.com/images/I/715Gcc34mvL._AC_UL320_.jpg
Textured Shirts for Men || Casual Shirt for Men || Shirt for Men|| Men Stylish Shirt || Men Fancy Shirt || Men Half Sleeve Shirt || Plain Shirts for Men,409,3.4 out of 5 stars,https://m.media-amazon.com/images/I/81Pjw+BUtxL._AC_UL320_.jpg
Men's Regular Fit Shirt,566,4.0 out of 5 stars,https://m.media-amazon.com/images/I/714ZhKeE-lL._AC_UL320_.jpg
Casual Shirt for Men|| Shirt for Men|| Men Stylish Shirt (Rib-Shirt),479,3.9 out of 5 stars,https://m.media-amazon.com/images/I/61M9egILVcL._AC_UL320_.jpg
Casual Shirt for Men|| Shirt for Men|| Men Stylish Shirt || Men Printed Shirt (Mistry),349,3.5 out of 5 stars,https://m.media-amazon.com/images/I/71gxzNP0V3L._AC_UL320_.jpg
Men's Casual Shirt,719.,3.6 out of 5 stars,https://m.media-amazon.com/images/I/71MaGTXl7ML._AC_UL320_.jpg
Men's Cotton Casual Regular Fit Small Checks Shirt with Pocket for Men Long Sleeves - BMW,494,4.3 out of 5 stars,https://m.media-amazon.com/images/I/71+IbSR0fCL._AC_UL320_.jpg
Men's Cotton Solid Formal/Semi Formal Shirt,378,3.7 out of 5 stars,https://m.media-amazon.com/images/I/71ZI9PfPnaL._AC_UL320_.jpg
Men's Solid Slim Fit Cotton Casual Shirt with Spread Collar & Full Sleeves (Also Available in Plus Size),629,3.7 out of 5 stars,https://m.media-amazon.com/images/I/51inUyV2tdL._AC_UL320_.jpg
Men's Regular Fit Casual Shirt,399,4.2 out of 5 stars.,https://m.media-amazon.com/images/I/81gPRe4oGiL._AC_UL320_.jpg
Men Cotton Solid Full Sleeve Casual Shirt (Available in Plus Size),549,3.9 out of 5 stars.,https://m.media-amazon.com/images/I/71nG3R1OPeL._AC_UL320_.jpg
Men's Casual Shirt,599,4.1 out of 5 stars.,https://m.media-amazon.com/images/I/71ad8PSy5kL._AC_UL320_.jpg
Men's Regular Fit Casual Shirt,749,3.9 out of 5 stars,https://m.media-amazon.com/images/I/81-JAkrN1sL._AC_UL320_.jpg
Casual Shirt for Men|| Shirt for Men|| Men Stylish Shirt (D-Crush-16-23),379,3.8 out of 5 stars,https://m.media-amazon.com/images/I/81dszCJ0etL._AC_UL320_.jpg
Men's Regular Fit Solid Soft Touch Cotton Casual Shirt with Pocket Design with Spread Collar & Full Sleeves,495,3.9 out of 5 stars,https://m.media-amazon.com/images/I/51Js-8owaUL._AC_UL320_.jpg
Men Shirt,"2,499",3.8 out of 5 stars,https://m.media-amazon.com/images/I/61NfzAmMwYL._AC_UL320_.jpg
Men Solid Regular Fit Casual Shirt (Pack of 1),479,4.3 out of 5 stars,https://m.media-amazon.com/images/I/71QrkXBPABL._AC_UL320_.jpg
Adjustable Elastic Garter Stirrup Shirt Stays for Men (with Foot Loop) - Adjustable Elastic Shirt Stay Garter Mens Shirt Stays Military Adjustable Elastic Garter Straps Sock Non-slip Clamps,388,3.9 out of 5 stars,https://m.media-amazon.com/images/I/51MsCvoFjhL._AC_UL320_.jpg
Mens Long Sleeve Button Down Shirt for Men Collared Casual Formal Soild Shirt,349,3.8 out of 5 stars,https://m.media-amazon.com/images/I/51MsCvoFjhL._AC_UL320_.jpg
Men Regular Fit Casual Shirt,479,4.0 out of 5 stars,https://m.media-amazon.com/images/I/31hcA0ci6BL._AC_UL320_.jpg
Men's Regular Fit Checks Cotton Casual Shirt for Men Full Sleeves - Suzuki,494,3.8 out of 5 stars,https://m.media-amazon.com/images/I/71ROidI7t8L._AC_UL320_.jpg
Men's Classic Fit Cotton Casual Super Striped Shirt for Men Full Sleeves - Yahama,494,5.0 out of 5 stars,https://m.media-amazon.com/images/I/71xZY5-a1oL._AC_UL320_.jpg
Textured Shirts for Men || Casual Shirt for Men || Shirt for Men|| Men Stylish Shirt || Men Fancy Shirt || Men Full Sleeve Shirt || Plain Shirts for Men,439,3.7 out of 5 stars,https://m.media-amazon.com/images/I/61OlEGElG1L._AC_UL320_.jpg
Men's Western Fit Cotton Casual Bold Striped Shirt for Men Full Sleeves - Spelnder,494,3.4 out of 5 stars,https://m.media-amazon.com/images/I/715Gcc34mvL._AC_UL320_.jpg
Textured Shirts for Men || Casual Shirt for Men || Shirt for Men|| Men Stylish Shirt || Men Fancy Shirt || Men Half Sleeve Shirt || Plain Shirts for Men,409,3.7 out of 5 stars,https://m.media-amazon.com/images/I/81Pjw+BUtxL._AC_UL320_.jpg
Men's Cotton Solid Formal/Semi Formal Shirt,378,4.0 out of 5 stars,https://m.media-amazon.com/images/I/714ZhKeE-lL._AC_UL320_.jpg
Men's Cotton Casual Regular Fit Green Checks Shirt for Men Full Sleeves - Harley,494,3.9 out of 5 stars,https://m.media-amazon.com/images/I/51inUyV2tdL._AC_UL320_.jpg
Men's Checkered Slim Fit Cotton Casual Shirt,599,3.5 out of 5 stars,https://m.media-amazon.com/images/I/618LbDYIVRL._AC_UL320_.jpg
Casual Shirt for Men|| Shirt for Men|| Men Stylish Shirt || Men Printed Shirt (Mistry),349,3.4 out of 5 stars,https://m.media-amazon.com/images/I/61DGAlvxRLL._AC_UL320_.jpg
Men's Casual Shirt,719.,3.5 out of 5 stars,https://m.media-amazon.com/images/I/71MaGTXl7ML._AC_UL320_.jpg
Men's Regular Fit Casual Shirt,399,4.2 out of 5 stars.,https://m.media-amazon.com/images/I/81gPRe4oGiL._AC_UL320_.jpg
Men's Regular Fit Casual Shirt,549,3.9 out of 5 stars.,https://m.media-amazon.com/images/I/71blXygpkyL._AC_UL320_.jpg
Men Cotton Solid Full Sleeve Casual Shirt (Available in Plus Size),549,4.1 out of 5 stars.,https://m.media-amazon.com/images/I/71nG3R1OPeL._AC_UL320_.jpg
Men's Casual Shirt,599,3.9 out of 5 stars,https://m.media-amazon.com/images/I/71ad8PSy5kL._AC_UL320_.jpg
Men Solid Regular Fit Casual Shirt (Pack of 1),479,3.7 out of 5 stars,https://m.media-amazon.com/images/I/71QrkXBPABL._AC_UL320_.jpg
Casual Shirt for Men|| Shirt for Men|| Men Stylish Shirt (D-Crush-16-23),379,3.8 out of 5 stars,https://m.media-amazon.com/images/I/81dszCJ0etL._AC_UL320_.jpg
Men's Regular Fit Solid Soft Touch Cotton Casual Shirt with Pocket Design with Spread Collar & Full Sleeves,495,3.9 out of 5 stars,https://m.media-amazon.com/images/I/51Js-8owaUL._AC_UL320_.jpg
Men Solid Cotton Blend Straight Kurta Shirt,495,4.0 out of 5 stars,https://m.media-amazon.com/images/I/61NloRw77IL._AC_UL320_.jpg
Adjustable Elastic Garter Stirrup Shirt Stays for Men (with Foot Loop) - Adjustable Elastic Shirt Stay Garter Mens Shirt Stays Military Adjustable Elastic Garter Straps Sock Non-slip Clamps,388,4.3 out of 5 stars,https://m.media-amazon.com/images/I/51MsCvoFjhL._AC_UL320_.jpg
Casual Shirt for Men|| Shirt for Men|| Men Stylish Shirt (Rib-Shirt),479,3.9 out of 5 stars,https://m.media-amazon.com/images/I/51MsCvoFjhL._AC_UL320_.jpg
Men's Regular Fit Checks Cotton Casual Shirt for Men Full Sleeves - Suzuki,494,3.3 out of 5 stars,https://m.media-amazon.com/images/I/71gxzNP0V3L._AC_UL320_.jpg
Mens Long Sleeve Button Down Shirt for Men Collared Casual Formal Soild Shirt,349,3.8 out of 5 stars,https://m.media-amazon.com/images/I/71xZY5-a1oL._AC_UL320_.jpg
Textured Shirts for Men || Casual Shirt for Men || Shirt for Men|| Men Stylish Shirt || Men Fancy Shirt || Men Full Sleeve Shirt || Plain Shirts for Men,439,4.3 out of 5 stars,https://m.media-amazon.com/images/I/31hcA0ci6BL._AC_UL320_.jpg
Men Regular Fit Casual Shirt,479,3.4 out of 5 stars,https://m.media-amazon.com/images/I/715Gcc34mvL._AC_UL320_.jpg
Men's Cotton Solid Formal/Semi Formal Shirt,378,5.0 out of 5 stars,https://m.media-amazon.com/images/I/71ROidI7t8L._AC_UL320_.jpg
Men's Classic Fit Cotton Casual Super Striped Shirt for Men Full Sleeves - Yahama,494,4.0 out of 5 stars,https://m.media-amazon.com/images/I/51inUyV2tdL._AC_UL320_.jpg
Men's Western Fit Cotton Casual Bold Striped Shirt for Men Full Sleeves - Spelnder,494,3.7 out of 5 stars,https://m.media-amazon.com/images/I/61OlEGElG1L._AC_UL320_.jpg
Men's Cotton Solid Formal/Semi Formal Shirt,378,3.4 out of 5 stars,https://m.media-amazon.com/images/I/81Pjw+BUtxL._AC_UL320_.jpg
Men's Solid Slim Fit Cotton Casual Shirt with Spread Collar & Full Sleeves (Also Available in Plus Size),629,3.7 out of 5 stars,https://m.media-amazon.com/images/I/51vubyODw8L._AC_UL320_.jpg
Textured Shirts for Men || Casual Shirt for Men || Shirt for Men|| Men Stylish Shirt || Men Fancy Shirt || Men Half Sleeve Shirt || Plain Shirts for Men,409,3.9 out of 5 stars,https://m.media-amazon.com/images/I/61XzMtVz3PL._AC_UL320_.jpg
Men's Checkered Slim Fit Cotton Casual Shirt,599,3.5 out of 5 stars,https://m.media-amazon.com/images/I/714ZhKeE-lL._AC_UL320_.jpg
Men's Regular Fit Casual Shirt,399,4.2 out of 5 stars.,https://m.media-amazon.com/images/I/81gPRe4oGiL._AC_UL320_.jpg
Men Cotton Solid Full Sleeve Casual Shirt (Available in Plus Size),549,3.9 out of 5 stars.,https://m.media-amazon.com/images/I/71nG3R1OPeL._AC_UL320_.jpg
Men's Casual Shirt,599,4.1 out of 5 stars.,https://m.media-amazon.com/images/I/71ad8PSy5kL._AC_UL320_.jpg
Men's Regular Fit Casual Shirt,749,3.9 out of 5 stars,https://m.media-amazon.com/images/I/81-JAkrN1sL._AC_UL320_.jpg
Men's Regular Fit Solid Soft Touch Cotton Casual Shirt with Pocket Design with Spread Collar & Full Sleeves,495,3.8 out of 5 stars,https://m.media-amazon.com/images/I/51Js-8owaUL._AC_UL320_.jpg
Men Solid Cotton Blend Straight Kurta Shirt,495,3.9 out of 5 stars,https://m.media-amazon.com/images/I/61NloRw77IL._AC_UL320_.jpg
Casual Shirt for Men|| Shirt for Men|| Men Stylish Shirt (D-Crush-16-23),379,3.8 out of 5 stars,https://m.media-amazon.com/images/I/81SJV8c67WL._AC_UL320_.jpg
Men's Solid Slim Fit Cotton Casual Shirt with Spread Collar & Full Sleeves (Also Available in Plus Size),459,3.9 out of 5 stars,https://m.media-amazon.com/images/I/618Wek95laS._AC_UL320_.jpg
Men 100% Cotton Polo Tshirt,599,3.3 out of 5 stars,https://m.media-amazon.com/images/I/61IGz4pCdYL._AC_UL320_.jpg
Men's Regular Fit Checks Cotton Casual Shirt for Men Full Sleeves - Suzuki,494,4.3 out of 5 stars,https://m.media-amazon.com/images/I/61IGz4pCdYL._AC_UL320_.jpg
Casual Shirt for Men|| Shirt for Men|| Men Stylish Shirt (Rib-Shirt),479,3.8 out of 5 stars,https://m.media-amazon.com/images/I/71xZY5-a1oL._AC_UL320_.jpg
Men's Checkered Slim Fit Cotton Casual Shirt,599,4.1 out of 5 stars,https://m.media-amazon.com/images/I/71gxzNP0V3L._AC_UL320_.jpg
Men Regular Fit Casual Shirt,479,3.4 out of 5 stars,https://m.media-amazon.com/images/I/61DGAlvxRLL._AC_UL320_.jpg
Textured Shirts for Men || Casual Shirt for Men || Shirt for Men|| Men Stylish Shirt || Men Fancy Shirt || Men Full Sleeve Shirt || Plain Shirts for Men,439,4.3 out of 5 stars,https://m.media-amazon.com/images/I/71ROidI7t8L._AC_UL320_.jpg
Men's Cotton Casual Regular Fit Small Checks Shirt with Pocket for Men Long Sleeves - BMW,494,3.8 out of 5 stars,https://m.media-amazon.com/images/I/61yATkar4uL._AC_UL320_.jpg
Textured Shirts for Men || Casual Shirt for Men || Shirt for Men|| Men Stylish Shirt || Men Fancy Shirt || Men Half Sleeve Shirt || Plain Shirts for Men,409,3.7 out of 5 stars,https://m.media-amazon.com/images/I/71ZI9PfPnaL._AC_UL320_.jpg
Men's Classic Fit Casual Shirt,594,4.0 out of 5 stars,https://m.media-amazon.com/images/I/714ZhKeE-lL._AC_UL320_.jpg
Men's Shirt,909,3.4 out of 5 stars,https://m.media-amazon.com/images/I/61QwMfrVbaL._AC_UL320_.jpg
Solid Self Design Oversized Tshirt for Men | Oversize T-Shirts for Men | Men Drop Shoulder Tshirts | Bagy Fit Men Tshirt,379,3.5 out of 5 stars,https://m.media-amazon.com/images/I/81EwGAVHZBL._AC_UL320_.jpg
"Men's Solid Slim Fit Casual Shirt, Full Sleeve Shirt for Casual Wear & Formal Wear (Also Available in Plus Size)",499,3.7 out of 5 stars,https://m.media-amazon.com/images/I/71Q5+I1OseL._AC_UL320_.jpg
Men's Cotton Solid Formal/Semi Formal Shirt,378,5.0 out of 5 stars,https://m.media-amazon.com/images/I/51yIybqYFTL._AC_UL320_.jpg
Men's Regular Fit Casual Shirt,399,4.2 out of 5 stars.,https://m.media-amazon.com/images/I/81gPRe4oGiL._AC_UL320_.jpg
Men Cotton Solid Full Sleeve Casual Shirt (Available in Plus Size),549,3.9 out of 5 stars.,https://m.media-amazon.com/images/I/71nG3R1OPeL._AC_UL320_.jpg
Men's Casual Shirt,599,4.1 out of 5 stars.,https://m.media-amazon.com/images/I/71ad8PSy5kL._AC_UL320_.jpg
Men's Regular Fit Casual Shirt,749,3.9 out of 5 stars,https://m.media-amazon.com/images/I/81-JAkrN1sL._AC_UL320_.jpg
Casual Shirt for Men|| Shirt for Men|| Men Stylish Shirt (D-Crush-16-23),379,3.8 out of 5 stars,https://m.media-amazon.com/images/I/81dszCJ0etL._AC_UL320_.jpg
Men's Regular Fit Solid Soft Touch Cotton Casual Shirt with Pocket Design with Spread Collar & Full Sleeves,495,3.9 out of 5 stars,https://m.media-amazon.com/images/I/51Js-8owaUL._AC_UL320_.jpg
Men Solid Regular Fit Casual Shirt (Pack of 1),479,3.8 out of 5 stars,https://m.media-amazon.com/images/I/71QrkXBPABL._AC_UL320_.jpg
Mens Long Sleeve Button Down Shirt for Men Collared Casual Formal Soild Shirt,349,4.3 out of 5 stars,https://m.media-amazon.com/images/I/31hcA0ci6BL._AC_UL320_.jpg
Men 100% Cotton Polo Tshirt,599,3.9 out of 5 stars,https://m.media-amazon.com/images/I/61IGz4pCdYL._AC_UL320_.jpg
Men Regular Fit Casual Shirt,479,4.0 out of 5 stars,https://m.media-amazon.com/images/I/61IGz4pCdYL._AC_UL320_.jpg
Men's Regular Fit Checks Cotton Casual Shirt for Men Full Sleeves - Suzuki,494,5.0 out of 5 stars,https://m.media-amazon.com/images/I/71ROidI7t8L._AC_UL320_.jpg
Textured Shirts for Men || Casual Shirt for Men || Shirt for Men|| Men Stylish Shirt || Men Fancy Shirt || Men Full Sleeve Shirt || Plain Shirts for Men,439,4.1 out of 5 stars,https://m.media-amazon.com/images/I/71xZY5-a1oL._AC_UL320_.jpg
Textured Shirts for Men || Casual Shirt for Men || Shirt for Men|| Men Stylish Shirt || Men Fancy Shirt || Men Half Sleeve Shirt || Plain Shirts for Men,409,3.7 out of 5 stars,https://m.media-amazon.com/images/I/715Gcc34mvL._AC_UL320_.jpg
Casual Shirt for Men|| Shirt for Men|| Men Stylish Shirt (Rib-Shirt),479,3.4 out of 5 stars,https://m.media-amazon.com/images/I/714ZhKeE-lL._AC_UL320_.jpg
Men's Cotton Solid Formal/Semi Formal Shirt,378,4.0 out of 5 stars,https://m.media-amazon.com/images/I/71gxzNP0V3L._AC_UL320_.jpg
Casual Shirt for Men|| Shirt for Men|| Men Stylish Shirt || Men Printed Shirt (Mistry),349,3.5 out of 5 stars,https://m.media-amazon.com/images/I/51inUyV2tdL._AC_UL320_.jpg
Men's Casual Shirt,719.,4.3 out of 5 stars,https://m.media-amazon.com/images/I/71MaGTXl7ML._AC_UL320_.jpg
Men's Solid Slim Fit Cotton Casual Shirt with Spread Collar & Full Sleeves (Also Available in Plus Size),629,3.4 out of 5 stars,https://m.media-amazon.com/images/I/71+IbSR0fCL._AC_UL320_.jpg
Men's Cotton Solid Formal/Semi Formal Shirt,378,3.7 out of 5 stars,https://m.media-amazon.com/images/I/61XzMtVz3PL._AC_UL320_.jpg
Men's Shirt,"1,049",3.7 out of 5 stars,https://m.media-amazon.com/images/I/51vubyODw8L._AC_UL320_.jpg
Men's Slim Fit 100% Cotton Check Shirt,"1,189",3.8 out of 5 stars,https://m.media-amazon.com/images/I/81iXTqE4W1L._AC_UL320_.jpg
Men's Regular Fit Casual Shirt,399,4.2 out of 5 stars.,https://m.media-amazon.com/images/I/81gPRe4oGiL._AC_UL320_.jpg
Men Cotton Solid Full Sleeve Casual Shirt (Available in Plus Size),549,3.9 out of 5 stars.,https://m.media-amazon.com/images/I/71nG3R1OPeL._AC_UL320_.jpg
Men's Casual Shirt,599,4.1 out of 5 stars.,https://m.media-amazon.com/images/I/71ad8PSy5kL._AC_UL320_.jpg
Men's Regular Fit Casual Shirt,749,3.9 out of 5 stars,https://m.media-amazon.com/images/I/81-JAkrN1sL._AC_UL320_.jpg
Men's Regular Fit Solid Soft Touch Cotton Casual Shirt with Pocket Design with Spread Collar & Full Sleeves,495,3.8 out of 5 stars,https://m.media-amazon.com/images/I/51Js-8owaUL._AC_UL320_.jpg
Casual Shirt for Men|| Shirt for Men|| Men Stylish Shirt (D-Crush-16-23),379,3.9 out of 5 stars,https://m.media-amazon.com/images/I/81dszCJ0etL._AC_UL320_.jpg
Casual Shirt for Men|| Shirt for Men|| Men Stylish Shirt (Rib-Shirt),479,3.8 out of 5 stars,https://m.media-amazon.com/images/I/71gxzNP0V3L._AC_UL320_.jpg
Men Shirt,"2,499",3.9 out of 5 stars,https://m.media-amazon.com/images/I/61NfzAmMwYL._AC_UL320_.jpg
Men 100% Cotton Polo Tshirt,599,4.3 out of 5 stars,https://m.media-amazon.com/images/I/61IGz4pCdYL._AC_UL320_.jpg
Men's Regular Fit Checks Cotton Casual Shirt for Men Full Sleeves - Suzuki,494,4.3 out of 5 stars,https://m.media-amazon.com/images/I/61IGz4pCdYL._AC_UL320_.jpg
Men's Solid Slim Fit Cotton Casual Shirt with Spread Collar & Full Sleeves (Also Available in Plus Size),629,3.8 out of 5 stars,https://m.media-amazon.com/images/I/71xZY5-a1oL._AC_UL320_.jpg
Men's Cotton Solid Formal/Semi Formal Shirt,378,4.1 out of 5 stars,https://m.media-amazon.com/images/I/61XzMtVz3PL._AC_UL320_.jpg
Men Solid Regular Fit Casual Shirt (Pack of 1),449,3.4 out of 5 stars,https://m.media-amazon.com/images/I/51inUyV2tdL._AC_UL320_.jpg
Textured Shirts for Men || Casual Shirt for Men || Shirt for Men|| Men Stylish Shirt || Men Fancy Shirt || Men Full Sleeve Shirt || Plain Shirts for Men,439,3.8 out of 5 stars,https://m.media-amazon.com/images/I/61bCDqUNmYL._AC_UL320_.jpg
Casual Shirt for Men|| Shirt for Men|| Men Stylish Shirt || Men Printed Shirt (Mistry),349,3.4 out of 5 stars,https://m.media-amazon.com/images/I/61yATkar4uL._AC_UL320_.jpg
Shirt for Men | Tropical Leaf Printed Rayon Shirts for Men | Preppy Short Sleeves | Spread Collared Neck | Perfect for Outing | Beach | Camp Wear Shirt for Boys,289,4.0 out of 5 stars,https://m.media-amazon.com/images/I/71MaGTXl7ML._AC_UL320_.jpg
Men's Cotton Casual Regular Fit Small Checks Shirt with Pocket for Men Long Sleeves - BMW,494,4.0 out of 5 stars,https://m.media-amazon.com/images/I/71NFx7yDSvL._AC_UL320_.jpg
Textured Shirts for Men || Casual Shirt for Men || Shirt for Men|| Men Stylish Shirt || Men Fancy Shirt || Men Half Sleeve Shirt || Plain Shirts for Men,409,3.7 out of 5 stars,https://m.media-amazon.com/images/I/71ZI9PfPnaL._AC_UL320_.jpg
Men Regular Fit Casual Shirt,429,3.6 out of 5 stars,https://m.media-amazon.com/images/I/714ZhKeE-lL._AC_UL320_.jpg
Men Solid Cotton Blend Straight Kurta Shirt,495,3.4 out of 5 stars,https://m.media-amazon.com/images/I/71ROidI7t8L._AC_UL320_.jpg
Men's Casual Shirt,772.,3.5 out of 5 stars,https://m.media-amazon.com/images/I/61NloRw77IL._AC_UL320_.jpg
Men's Regular Fit Casual Shirt,399,4.2 out of 5 stars.,https://m.media-amazon.com/images/I/81gPRe4oGiL._AC_UL320_.jpg
Men Cotton Solid Full Sleeve Casual Shirt (Available in Plus Size),549,3.9 out of 5 stars.,https://m.media-amazon.com/images/I/71nG3R1OPeL._AC_UL320_.jpg
Men's Casual Shirt,599,4.1 out of 5 stars.,https://m.media-amazon.com/images/I/71ad8PSy5kL._AC_UL320_.jpg
Men's Regular Fit Casual Shirt,749,3.9 out of 5 stars,https://m.media-amazon.com/images/I/81-JAkrN1sL._AC_UL320_.jpg
Men's Regular Fit Solid Soft Touch Cotton Casual Shirt with Pocket Design with Spread Collar & Full Sleeves,495,3.8 out of 5 stars,https://m.media-amazon.com/images/I/51Js-8owaUL._AC_UL320_.jpg
Casual Shirt for Men|| Shirt for Men|| Men Stylish Shirt (D-Crush-16-23),379,3.9 out of 5 stars,https://m.media-amazon.com/images/I/81dszCJ0etL._AC_UL320_.jpg
Mens Long Sleeve Button Down Shirt for Men Collared Casual Formal Soild Shirt,349,3.8 out of 5 stars,https://m.media-amazon.com/images/I/31hcA0ci6BL._AC_UL320_.jpg
Men Solid Regular Fit Casual Shirt (Pack of 1),479,3.9 out of 5 stars,https://m.media-amazon.com/images/I/71QrkXBPABL._AC_UL320_.jpg
Adjustable Elastic Garter Stirrup Shirt Stays for Men (with Foot Loop) - Adjustable Elastic Shirt Stay Garter Mens Shirt Stays Military Adjustable Elastic Garter Straps Sock Non-slip Clamps,388,4.3 out of 5 stars,https://m.media-amazon.com/images/I/51MsCvoFjhL._AC_UL320_.jpg
Men's Regular Fit Checks Cotton Casual Shirt for Men Full Sleeves - Suzuki,494,5.0 out of 5 stars,https://m.media-amazon.com/images/I/51MsCvoFjhL._AC_UL320_.jpg
Men Solid Cotton Blend Straight Kurta Shirt,495,4.0 out of 5 stars,https://m.media-amazon.com/images/I/71xZY5-a1oL._AC_UL320_.jpg
Casual Shirt for Men|| Shirt for Men|| Men Stylish Shirt (Rib-Shirt),479,3.8 out of 5 stars,https://m.media-amazon.com/images/I/61NloRw77IL._AC_UL320_.jpg
Men's Solid Slim Fit Cotton Casual Shirt with Spread Collar & Full Sleeves (Also Available in Plus Size),629,3.4 out of 5 stars,https://m.media-amazon.com/images/I/71gxzNP0V3L._AC_UL320_.jpg
Men's Western Fit Cotton Casual Bold Striped Shirt for Men Full Sleeves - Spelnder,494,3.3 out of 5 stars,https://m.media-amazon.com/images/I/61XzMtVz3PL._AC_UL320_.jpg
Men's Classic Fit Cotton Casual Super Striped Shirt for Men Full Sleeves - Yahama,494,4.3 out of 5 stars,https://m.media-amazon.com/images/I/81Pjw+BUtxL._AC_UL320_.jpg
Men's Cotton Solid Formal/Semi Formal Shirt,378,3.8 out of 5 stars,https://m.media-amazon.com/images/I/61OlEGElG1L._AC_UL320_.jpg
Men's Checkered Slim Fit Cotton Casual Shirt,599,3.9 out of 5 stars,https://m.media-amazon.com/images/I/51vubyODw8L._AC_UL320_.jpg
Textured Shirts for Men || Casual Shirt for Men || Shirt for Men|| Men Stylish Shirt || Men Fancy Shirt || Men Full Sleeve Shirt || Plain Shirts for Men,439,3.7 out of 5 stars,https://m.media-amazon.com/images/I/61DGAlvxRLL._AC_UL320_.jpg
Men's Cotton Casual Regular Fit Small Checks Shirt with Pocket for Men Long Sleeves - BMW,494,3.5 out of 5 stars,https://m.media-amazon.com/images/I/715Gcc34mvL._AC_UL320_.jpg
Men Regular Fit Casual Shirt,479,3.8 out of 5 stars,https://m.media-amazon.com/images/I/71ZI9PfPnaL._AC_UL320_.jpg
Textured Shirts for Men || Casual Shirt for Men || Shirt for Men|| Men Stylish Shirt || Men Fancy Shirt || Men Half Sleeve Shirt || Plain Shirts for Men,409,4.0 out of 5 stars,https://m.media-amazon.com/images/I/71ROidI7t8L._AC_UL320_.jpg
Men's Regular Fit Casual Shirt,399,4.2 out of 5 stars.,https://m.media-amazon.com/images/I/81gPRe4oGiL._AC_UL320_.jpg
Men Cotton Solid Full Sleeve Casual Shirt (Available in Plus Size),549,3.9 out of 5 stars.,https://m.media-amazon.com/images/I/71nG3R1OPeL._AC_UL320_.jpg
Men's Casual Shirt,599,4.1 out of 5 stars.,https://m.media-amazon.com/images/I/71ad8PSy5kL._AC_UL320_.jpg
Men's Regular Fit Casual Shirt,749,3.9 out of 5 stars,https://m.media-amazon.com/images/I/81-JAkrN1sL._AC_UL320_.jpg
Men's Regular Fit Solid Soft Touch Cotton Casual Shirt with Pocket Design with Spread Collar & Full Sleeves,495,3.8 out of 5 stars,https://m.media-amazon.com/images/I/51Js-8owaUL._AC_UL320_.jpg
Casual Shirt for Men|| Shirt for Men|| Men Stylish Shirt (D-Crush-16-23),379,3.9 out of 5 stars,https://m.media-amazon.com/images/I/81dszCJ0etL._AC_UL320_.jpg
Men Solid Regular Fit Casual Shirt (Pack of 1),479,3.8 out of 5 stars,https://m.media-amazon.com/images/I/71QrkXBPABL._AC_UL320_.jpg
Mens Long Sleeve Button Down Shirt for Men Collared Casual Formal Soild Shirt,349,3.9 out of 5 stars,https://m.media-amazon.com/images/I/31hcA0ci6BL._AC_UL320_.jpg
Adjustable Elastic Garter Stirrup Shirt Stays for Men (with Foot Loop) - Adjustable Elastic Shirt Stay Garter Mens Shirt Stays Military Adjustable Elastic Garter Straps Sock Non-slip Clamps,388,4.3 out of 5 stars,https://m.media-amazon.com/images/I/51MsCvoFjhL._AC_UL320_.jpg
Men Regular Fit Casual Shirt,479,4.0 out of 5 stars,https://m.media-amazon.com/images/I/51MsCvoFjhL._AC_UL320_.jpg
Men's Regular Fit Checks Cotton Casual Shirt for Men Full Sleeves - Suzuki,494,5.0 out of 5 stars,https://m.media-amazon.com/images/I/71ROidI7t8L._AC_UL320_.jpg
Textured Shirts for Men || Casual Shirt for Men || Shirt for Men|| Men Stylish Shirt || Men Fancy Shirt || Men Full Sleeve Shirt || Plain Shirts for Men,439,3.8 out of 5 stars,https://m.media-amazon.com/images/I/71xZY5-a1oL._AC_UL320_.jpg
Textured Shirts for Men || Casual Shirt for Men || Shirt for Men|| Men Stylish Shirt || Men Fancy Shirt || Men Half Sleeve Shirt || Plain Shirts for Men,409,3.7 out of 5 stars,https://m.media-amazon.com/images/I/715Gcc34mvL._AC_UL320_.jpg
Casual Shirt for Men|| Shirt for Men|| Men Stylish Shirt (Rib-Shirt),479,3.4 out of 5 stars,https://m.media-amazon.com/images/I/714ZhKeE-lL._AC_UL320_.jpg
Men's Checkered Slim Fit Cotton Casual Shirt,599,4.0 out of 5 stars,https://m.media-amazon.com/images/I/71gxzNP0V3L._AC_UL320_.jpg
Men's Cotton Solid Formal/Semi Formal Shirt,378,3.5 out of 5 stars,https://m.media-amazon.com/images/I/61DGAlvxRLL._AC_UL320_.jpg
Casual Shirt for Men|| Shirt for Men|| Men Stylish Shirt || Men Printed Shirt (Mistry),349,4.3 out of 5 stars,https://m.media-amazon.com/images/I/51inUyV2tdL._AC_UL320_.jpg
Men's Casual Shirt,719.,3.8 out of 5 stars,https://m.media-amazon.com/images/I/71MaGTXl7ML._AC_UL320_.jpg
Men's Solid Slim Fit Cotton Casual Shirt with Spread Collar & Full Sleeves (Also Available in Plus Size),629,3.4 out of 5 stars,https://m.media-amazon.com/images/I/71+IbSR0fCL._AC_UL320_.jpg
Men's Cotton Solid Formal/Semi Formal Shirt,378,3.7 out of 5 stars,https://m.media-amazon.com/images/I/61XzMtVz3PL._AC_UL320_.jpg
Men's Shirt,"1,049",3.7 out of 5 stars,https://m.media-amazon.com/images/I/51vubyODw8L._AC_UL320_.jpg
